$Tulloch Bathy ES 02/17/23 stepped bottom test ,,,,,,,,,,,,,,,,,,,,,,,,,,,,,,,,,,,,,,,,,,,,,,,,,,,,,,,,,,,,,,,,,,,,,,,,,,,,,,,,,,,,,,,,,,,,,,,,,,,,,,,,,,,,,,,,,,,,,,,,,,,
SEG,1,2,3,4,5,6,7,8,9,10,11,12,13,14,15,16,17,18,19,20,21,22,23,24,25,26,27,28,29,30,31,32,33,34,35,36,37,38,39,40,41,42,43,44,45,46,47,48,49,50,51,52,53,54,55,56,57,58,59,60,61,62,63,64,65,66,67,68,69,70,71,72,73,74,75,76,77,78,79,80,81,82,83,84,85,86,87,88,89,90,91,92,93,94,95,96,97,98,99,100,101,102,103,104,105,106,107,108,109,110,111,112,113,114,115,116,117,118,119,120,121,122,
DLX,0,61.4547,82.1781,107.8071,82.1784,90.6741,84.9657,93.9222,93.9225,101.449,99.9135,78.2063,104.8142,84.9679,118.9493,99.1299,112.9851,133.5076,146.7099,167.1642,220.6432,184.3704,257.7452,292.0289,216.1178,386.484,255.9982,198.2763,164.4038,158.6816,179.8128,225.333,148.5433,173.7421,193.3504,263.603,241.5076,172.2285,245.6502,300.8946,256.7379,249.8658,209.6726,150.4977,188.9266,201.5869,295.9013,297.3256,326.2544,325.4533,400,350,265.926,325,275,250,250,250,200,300,275,250,299.5053,0,0,100.3284,90.7454,94.0276,90.6925,87.9315,77.8305,93.9258,99.0964,88.809,70.8097,97.3637,82.1971,103.4406,61.456,110.9154,99.9102,153.1608,127.54,133.0997,183.0626,179.2273,139.0696,136.7526,140.9311,150.8656,216.2255,146.7521,146.7525,214.1383,178.7928,212.4501,195.5367,200.3968,127.0805,133.0301,228.7054,151.8514,348.1935,0,0,118.3438,90.7887,95.5297,109.1681,125.0139,99.1554,96.9059,99.2941,96.7798,137.9631,122.2137,99.1535,110.9423,158.5959,127.0832,207.8239,0,
ELWS,148.86,148.86,148.86,148.86,148.86,148.86,148.86,148.86,148.86,148.86,148.86,148.86,148.86,148.86,148.86,148.86,148.86,148.86,148.86,148.86,148.86,148.86,148.86,148.86,148.86,148.86,148.86,148.86,148.86,148.86,148.86,148.86,148.86,148.86,148.86,148.86,148.86,148.86,148.86,148.86,148.86,148.86,148.86,148.86,148.86,148.86,148.86,148.86,148.86,148.86,148.86,148.86,148.86,148.86,148.86,148.86,148.86,148.86,148.86,148.86,148.86,148.86,148.86,148.86,148.86,148.86,148.86,148.86,148.86,148.86,148.86,148.86,148.86,148.86,148.86,148.86,148.86,148.86,148.86,148.86,148.86,148.86,148.86,148.86,148.86,148.86,148.86,148.86,148.86,148.86,148.86,148.86,148.86,148.86,148.86,148.86,148.86,148.86,148.86,148.86,148.86,148.86,148.86,148.86,148.86,148.86,148.86,148.86,148.86,148.86,148.86,148.86,148.86,148.86,148.86,148.86,148.86,148.86,148.86,148.86,148.86,148.86,
PHI0,0.417,0.417,1.2707,1.3369,1.2707,1.2969,0.6433,0.5699,0.5699,0.1478,6.2567,6.1441,0.7092,0.6434,0.7014,0.6434,0.4594,0.0395,6.076,5.8797,5.7122,5.8131,0.1105,0.6199,0.5797,0.4461,1.4576,2.4453,1.818,1.4745,0.9554,0.5518,0.2128,0.5643,0.933,1.2891,1.1181,0.232,6.1494,0.0617,0.2873,0.1867,0.7098,0.5981,0.0205,0.7468,0.5038,0.9503,1.6129,2.1221,1.5449,1.3265,0.2313,0.5615,1.0955,1.5954,0.4253,5.8464,5.9004,0.5042,0.623,0.6981,0.8172,0.8172,5.5333,5.5333,5.1981,4.3247,3.8619,4.6867,5.1289,5.661,5.7978,6.2575,5.5876,4.5724,4.9602,5.3863,5.8138,0.7688,6.2575,4.9058,4.9508,5.5357,0.531,0.8771,0.7435,5.7905,5.7347,0.27,0.4842,5.8245,5.8245,5.2935,5.626,5.5874,5.5168,5.0848,5.9768,5.8494,4.6865,5.4046,6.1103,6.1103,2.1112,2.1112,2.0557,2.7381,2.7006,2.3347,2.4453,2.3025,1.7702,1.5447,2.244,2.5018,2.4453,2.3207,2.2262,2.8349,2.3559,2.3559,
FRIC,70,70,70,70,70,70,70,70,70,70,70,70,70,70,70,70,70,70,70,70,70,70,70,70,70,70,70,70,70,70,70,70,70,70,70,70,70,70,70,70,70,70,70,70,70,70,70,70,70,70,70,70,70,70,70,70,70,70,70,70,70,70,70,70,70,70,70,70,70,70,70,70,70,70,70,70,70,70,70,70,70,70,70,70,70,70,70,70,70,70,70,70,70,70,70,70,70,70,70,70,70,70,70,70,70,70,70,70,70,70,70,70,70,70,70,70,70,70,70,70,70,70,
LAYERH,,,,,,,,,,,,,,,,,,,,,,,,,,,,,,,,,,,,,,,,,,,,,,,,,,,,,,,,,,,,,,,,,,,,,,,,,,,,,,,,,,,,,,,,,,,,,,,,,,,,,,,,,,,,,,,,,,,,,,,,,,,K
1,0,0,0,0,0,0,0,0,0,0,0,0,0,0,0,0,0,0,0,0,0,0,0,0,0,0,0,0,0,0,0,0,0,0,0,0,0,0,0,0,0,0,0,0,0,0,0,0,0,0,0,0,0,0,0,0,0,0,0,0,0,0,0,0,0,0,0,0,0,0,0,0,0,0,0,0,0,0,0,0,0,0,0,0,0,0,0,0,0,0,0,0,0,0,0,0,0,0,0,0,0,0,0,0,0,0,0,0,0,0,0,0,0,0,0,0,0,0,0,0,0,0,1
1,0,63.18,42.27,37.82,71.95,60.7,31.49,41.12,46.95,65.93,63.87,62.43,46.91,70.09,95.17,94.25,100.17,100.15,103.78,98,94.9,97.4,103.94,170.15,139.49,117.07,200.13,116.07,97.15,103.37,92.51,194.47,139.7,82.87,53.14,69.74,96.18,144.3,104,123.7,94.41,112.85,112.86,125.08,156.52,158.43,400.17,346.78,328.86,271.1,325.04,300.37,243.78,328.37,335.91,324.19,350.19,233.07,269.47,350.46,487.85,468.04,425.72,0,0,67.71,76.6,77.02,93.02,107.48,81.05,106.84,108.23,73.21,71.68,93.09,130.16,140.09,150.19,142.73,140.02,111.81,150.16,174.28,176.58,400.13,169.53,166.16,154.18,113.38,157.85,198.73,117.46,117.55,145.96,125.18,160.19,180.14,239.87,200.12,180.75,250.18,300.18,0,0,141.44,144.1,163.49,168.24,155.24,111.09,149.15,184.61,200.17,225.18,171.04,249.12,223.73,191.91,306.71,328.42,0,2
1,0,63.18,42.27,37.82,71.95,60.7,31.49,41.12,46.95,65.93,63.87,62.43,46.91,70.09,95.17,94.25,100.17,100.15,103.78,98,94.9,97.4,103.94,170.15,139.49,117.07,200.13,116.07,97.15,103.37,92.51,194.47,139.7,82.87,53.14,69.74,96.18,144.3,104,123.7,94.41,112.85,112.86,125.08,156.52,158.43,400.17,346.78,328.86,271.1,325.04,300.37,243.78,328.37,335.91,324.19,350.19,233.07,269.47,350.46,487.85,468.04,425.72,0,0,67.71,76.6,77.02,93.02,107.48,81.05,106.84,108.23,73.21,71.68,93.09,130.16,140.09,150.19,142.73,140.02,111.81,150.16,174.28,176.58,400.13,169.53,166.16,154.18,113.38,157.85,198.73,117.46,117.55,145.96,125.18,160.19,180.14,239.87,200.12,180.75,250.18,300.18,0,0,141.44,144.1,163.49,168.24,155.24,111.09,149.15,184.61,200.17,225.18,171.04,249.12,223.73,191.91,306.71,328.42,0,3
1,0,63.18,42.27,37.82,71.95,60.7,31.49,41.12,46.95,65.93,63.87,62.43,46.91,70.09,95.04,82.17,100.1,99.5,103.78,98,88.27,97.4,98.52,169.76,139.49,117.07,200.13,116.07,97.15,103.37,86.61,194.47,139.7,82.87,53.14,69.74,92.82,144.3,104,123.7,88.11,112.85,112.86,125.08,156.52,156.21,400.12,342.77,325.89,264.18,321.78,300.37,240.93,328.37,335.91,324.19,350.17,225.25,259.57,336.9,483.78,466.13,425.72,0,0,64.75,73,77.02,86.27,90.45,81.05,106.84,97.58,64.4,71.68,85.64,130.01,140.09,150.17,128.97,136.5,111.81,149.3,165.28,169.65,400.13,169.53,161.83,147.55,98.01,151.15,198.73,117.46,117.55,145.96,125.14,160.17,178.91,239.87,200.12,180.75,250.13,300.14,0,0,141.44,144.1,163.49,160.65,155.24,111.09,149.15,181.67,200.12,225.15,171.04,237.35,212.86,191.91,306.71,325.8,0,4
1,0,0,0,0,0,0,0,41.12,38.4,57.44,57.74,52.75,38.22,68.09,90.65,67.93,99.27,90.31,94.82,91.19,83.01,89.45,91.31,165.02,128.76,109.27,200.09,107.51,88.54,94.33,79.74,185.23,132.43,80.76,47.43,67.65,88.92,134.62,98.1,117.6,77.57,112.43,109.51,124.06,153.05,153.45,398.14,332.28,320.14,254.16,318.44,295.5,234.87,321.66,328.91,315.4,350.16,216.12,246.36,318.55,475.06,463.23,413.6,0,0,56.42,54.48,65.64,72.66,69.79,67.78,101.15,82.6,52.48,58.4,71.09,123.34,140.02,150.15,115.23,106.61,105.25,140.61,149.33,144.06,400.08,161.15,155.01,138.09,79.48,141.71,191.83,108.56,113.1,140.07,124.63,160.15,168.77,234.28,197.33,176.21,248.78,300.1,0,0,133.8,132.21,154.48,145.29,146.71,102.97,142.7,170.15,199.76,225.12,159.41,230.12,192.18,184.66,289.82,320.7,0,5
1,0,0,0,0,0,0,0,0,0,57.44,57.74,52.75,38.22,68.09,78.43,46.79,80.21,58.95,78.85,81.3,75.59,76.56,82.32,144.66,114.08,101.1,156.09,98.93,77.75,84.95,73.14,169.31,126.17,79.16,45.4,66.07,86.28,107.35,88,110.05,65.28,110.06,106.51,121.45,148.21,150.4,391.42,303.44,313.99,244.75,316.48,290.08,228.07,316.51,316.07,298.34,350.14,208.25,221.53,279.16,466.34,459.6,387.68,0,0,30.23,24.9,36.64,28.46,38.88,43.89,83.09,60.27,34.19,45.93,44.68,70.69,106.01,150.13,94.04,70.45,84.66,125.48,95.24,80.61,375.78,151.93,148.21,124.87,65.94,128.96,184.7,102.18,108.48,130.92,122.99,160.13,152.9,229.35,161.29,160.09,195.24,299.2,0,0,113.52,102.99,139.14,120.57,131.05,85.2,130.66,151.64,190.72,225.02,140.33,221.18,165.69,175.25,271.1,316.28,0,6
1,0,0,0,0,0,0,0,0,0,0,57.74,52.75,38.22,68.09,68.92,42.82,59.54,56.35,73,74.38,73.11,73.32,78.57,141.77,105.15,97.7,144.79,95.05,73.5,82.48,70.63,165.34,124.38,78.15,44.38,64.59,85.48,98.66,84.98,107.69,62.32,108.99,105.19,118.71,146.77,148.75,389.87,301.95,312.1,241.67,314.71,288.08,226.88,315.02,313.84,292.74,350.12,204.95,219.2,275.77,464.38,458.65,384.09,0,0,5.2,20.56,22.97,25.62,36.25,35.15,75.59,57.2,32.36,40.92,42.42,67.62,90.25,150.1,92.21,61.29,70.92,119.7,92.65,77.97,372.99,147.95,145.71,114.94,63.17,126.62,182.41,100.03,105.32,127.75,121.3,160.11,147.05,227.51,154.94,157.34,193.46,296.78,0,0,106.87,92.09,129.87,118.11,126.98,79.49,123.19,148.03,188.48,224.37,130.59,217.74,162.33,172.22,264.13,315.32,0,7
1,0,0,0,0,0,0,0,0,0,0,0,0,38.22,68.09,67.1,39.84,57.23,53.75,70.59,71.71,71.14,70.77,76.2,139.49,103.05,95.43,143.9,92.83,71.33,80.55,68.65,162.74,122.91,77.33,43.4,63.04,84.8,96.45,83.37,106.13,60.81,107.96,104.48,116.6,145.82,147.54,388.17,300.47,310.91,239.43,313.44,287.08,226.02,313.83,312.35,290.38,350.11,202.92,217.01,273.03,463.31,457.74,380.98,0,0,0,17.01,20.24,22.87,33.62,32.77,72.31,54.75,30.52,38.86,40.25,64.92,85.98,150.08,90.6,58.9,68.56,117.1,90.26,75.7,371.38,146.28,143.62,111.9,60.85,124.27,181.64,98.4,102.99,125.99,120.45,160.1,144.75,226.77,152.55,155.39,192.14,293.57,0,0,104.19,89.58,128.34,115.67,124.4,78.48,120.23,145.18,187.53,222.82,127.51,214.67,159.49,171.16,261.88,314.34,0,8
1,0,0,0,0,0,0,0,0,0,0,0,0,0,0,62.87,37.32,54.99,50.1,68.22,63.57,69.01,68.22,73.37,137.12,100.86,92.33,143.02,90.91,69.23,78.61,66.64,160.2,120.8,76.62,42.44,61.38,84.22,94.22,81.74,104.57,59.51,106.93,103.87,114.65,144.87,146.43,385.87,298.31,309.62,237.26,312.71,286.07,225.16,312.7,310.76,288.18,350.09,201.1,214.64,269.88,461.49,457.05,378.01,0,0,0,0,17.28,18.61,28.97,28.85,64.5,51.88,28.69,36.82,38.02,62.17,81.69,150.06,87.72,56.49,66.7,111.73,87.28,73.43,369.53,144.61,140.29,108.78,58.66,121.67,180.87,95.46,100.67,124.18,119.58,160.08,142.45,226.05,150.22,153.41,190.67,290.58,0,0,101.55,87.06,125.17,113.22,121.81,77.31,117.14,142.35,186.21,221.23,124.55,211.69,156.79,169.96,259.65,313.29,0,9
1,0,0,0,0,0,0,0,0,0,0,0,0,0,0,0,0,51.96,38.58,63.84,44.15,65.67,64.07,63.03,128.14,98.41,83.91,142.13,88.42,66.91,76.65,64.34,155.78,118.13,75.98,41.46,59.54,83.59,91.34,80.06,103,58.16,105.9,103.24,112.71,143.92,144.94,383.02,293.91,307.69,234.82,311.98,284.98,224.31,311.44,307.76,282.93,350.07,199.23,211.03,263.37,457.48,456.45,365.83,0,0,0,0,0,0,0,17.27,37.64,44.34,26.85,34.6,35.11,57.51,68.83,149.27,82.44,53.29,64.42,101.6,82.66,71,360.84,141.6,128.48,103.68,56.38,117.49,180.1,92.88,97.7,120.76,118.62,159.96,139.8,225.28,147.98,150.96,188.73,288.48,0,0,96.96,82.48,119.85,109.93,119.02,75.8,112.07,138.6,174.52,218.79,120.63,205.71,154.06,168.46,254.35,312.11,0,10
1,0,0,0,0,0,0,0,0,0,0,0,0,0,0,0,0,0,38.58,32.43,28.53,59.71,56.44,60.05,74.81,92.98,77.08,141.24,83.83,61.51,73.76,61.37,148.26,115.39,75.32,40.47,56.38,82.84,87.18,77.3,101.3,56.75,104.87,102.42,110.69,141.38,142.68,377.91,286.56,304.54,231.76,311.24,283.79,223.32,310,302.43,273.49,350,197.11,205.16,251.67,450.8,455.85,343.82,0,0,0,0,0,0,0,0,0,0,23.46,30.03,29.55,49.5,54.5,125.69,75.41,49.18,61.23,79.57,75.32,67.9,338.78,137,115.71,96.3,53.84,109.79,179.34,91.26,93.48,116.79,117.53,159.04,134.62,224.47,144.55,148.04,184.38,285.61,0,0,86.25,76.41,114.49,103.61,113.85,73.25,103.57,133.45,165.28,209.34,115.79,187.74,149.75,165.15,246.04,310.64,0,11
1,0,0,0,0,0,0,0,0,0,0,0,0,0,0,0,0,0,0,0,28.53,59.71,47.66,49.68,63.03,78.56,70.25,102.01,77.2,54.16,69.44,58.06,135.49,112.48,74.53,39.3,52.42,80.22,82.4,73.49,97.87,55.27,103.84,100.79,108.44,137.26,140.3,370.77,275.94,300.45,228.03,310.5,282.31,221.81,307.9,294.33,262.27,349.3,194.65,199.44,241.4,443,455.23,329.6,0,0,0,0,0,0,0,0,0,0,0,20.92,20.83,41.41,41.36,74.74,63.17,45.04,52.15,51.05,67.61,64.15,323.65,131.38,111.98,89.24,50.76,101.42,177.76,88.94,89.07,112.62,116.14,156.38,128.62,223.51,140.11,145.07,137.32,278.4,0,0,73.75,69.57,107.49,95.79,107.13,70.1,96.17,128,156.03,182.28,110.93,171.34,141.37,159.32,233.77,307.12,0,12
1,0,0,0,0,0,0,0,0,0,0,0,0,0,0,0,0,0,0,0,0,0,34.17,39.02,52.04,59.44,62,82.18,70.14,48.88,64.38,54.19,121.65,107.34,72.97,37.8,48.85,77.11,77.44,62.78,93.48,53.72,102.79,98.33,105.94,134.05,137.72,363.17,257.81,296.03,224.29,309.74,280.63,219.66,305.78,290.92,252.81,347.46,191.61,193.84,234.94,435.16,453.54,308.94,0,0,0,0,0,0,0,0,0,0,0,0,0,0,26.68,48.46,51.86,40.79,44.36,44.57,61.58,59.5,313.15,104.29,107.02,82.24,47.33,94.1,174.87,86.07,85.08,108.69,114.39,153.84,123.84,222.16,134.42,141.65,129.91,257.92,0,0,60.1,62.41,98.41,88.35,99.16,67.1,91.26,122.72,145.51,179.52,106.09,119.09,131.38,152.72,221.91,301.34,0,13
1,0,0,0,0,0,0,0,0,0,0,0,0,0,0,0,0,0,0,0,0,0,0,0,41.4,38.75,54.03,72.7,63.56,44.42,58.9,49.79,80.72,99.68,70.11,36.09,45.06,73.11,72.51,57.49,88.64,52.12,101.15,95.53,103.4,129,134.81,354.26,248.71,291.41,220.59,308.97,279.26,216.58,303.62,287.97,244.97,344.76,187.94,187.71,228.99,425.38,444.53,290.12,0,0,0,0,0,0,0,0,0,0,0,0,0,0,0,0,0,35.58,39.93,39.12,57.12,54,303.19,87.04,101.99,74.81,43.9,88.77,170.93,83.41,81.27,103.94,112.32,151.47,119.65,220.31,128.12,137.91,123.99,235.97,0,0,39.17,54.2,88.91,81.53,90.01,64.52,86.8,118.01,133.99,177.18,101.15,113.47,124.32,146.41,214.08,294.99,0,14
1,0,0,0,0,0,0,0,0,0,0,0,0,0,0,0,0,0,0,0,0,0,0,0,0,0,43.54,63.99,58.58,40.54,47.5,44.98,70.09,91.21,66.57,34.41,41.81,68.33,67.88,55.04,84.44,50.5,98.78,92.56,100.32,123.67,131.38,338.06,241.38,285.91,216.81,307.91,278.12,212.39,301.39,283.8,236.69,341.53,184.18,180.58,223.64,414.69,430.17,280.39,0,0,0,0,0,0,0,0,0,0,0,0,0,0,0,0,0,26.73,34.44,34.3,53.14,48.69,121.38,78.73,97.17,67.38,40.48,85.09,165.82,80.57,77.58,97.35,108.78,149.2,115.73,218.3,122.93,134.43,118.97,228.58,0,0,0,45.53,78.1,74.39,68.41,62.02,81.98,113.1,120.84,175.13,96.06,108.72,118.53,140.26,207.69,287.84,0,15
1,0,0,0,0,0,0,0,0,0,0,0,0,0,0,0,0,0,0,0,0,0,0,0,0,0,30.68,53.22,54.02,36.6,38.32,39.93,63.11,82.85,62.6,32.69,38.76,63.08,63.58,53.08,79.98,48.85,95.91,89.57,96.84,119.29,126.75,308.78,232.88,277.98,212.91,306.7,277.13,207.93,299.03,278.8,223.75,337.74,180.54,174.12,217.5,405.13,413.69,232.88,0,0,0,0,0,0,0,0,0,0,0,0,0,0,0,0,0,0,25.1,29.29,46.39,42.54,106.74,71.26,92.21,60.47,37.18,81.43,157.89,76.76,74.04,93.24,103.55,146.83,111.73,216.37,117.94,130.96,115.38,219.65,0,0,0,29.2,63.13,65.92,54.42,59.06,76.17,107.06,107.44,173.15,91.15,103.87,113.51,134.06,201.68,279.67,0,16
1,0,0,0,0,0,0,0,0,0,0,0,0,0,0,0,0,0,0,0,0,0,0,0,0,0,0,37.45,34.26,32.66,30.24,34.98,56.44,73.79,57.94,30.78,35.86,59.06,59.36,51.16,75.08,47.1,91.64,86.61,93.68,115.22,120.88,299.17,224.27,270.78,209.16,304.45,276.17,203.48,296.6,273.22,216.17,332.25,176.97,169.92,211.83,394.39,390.25,223.48,0,0,0,0,0,0,0,0,0,0,0,0,0,0,0,0,0,0,0,22.59,35.29,35.84,97.45,64.62,86.84,54.16,34.05,77.02,150.86,72.57,70.58,90.01,98.18,144.42,107.68,214.48,113.83,127.74,112.39,209.59,0,0,0,0,41.66,55.92,45.3,55.34,70.39,99.21,98.3,171.14,86.48,99.05,109.34,127.32,194.57,270.99,0,17
1,0,0,0,0,0,0,0,0,0,0,0,0,0,0,0,0,0,0,0,0,0,0,0,0,0,0,0,24.3,28.61,21.81,30.41,49.35,63.23,52.4,28.95,33.47,55.68,53.98,49.24,70.03,45.11,86.82,83.32,90.73,111.35,116.96,288.62,217.11,266.98,205.63,295.9,275.22,199.05,294.15,268.12,209.96,326.58,173.5,166.3,206.55,379.05,361.13,217.86,0,0,0,0,0,0,0,0,0,0,0,0,0,0,0,0,0,0,0,0,0,27.48,82.95,58.56,71.39,48.95,30.98,72.53,146.43,68.54,67.26,86.07,92.82,141.24,103.39,212.49,110.04,124.51,109.47,201.38,0,0,0,0,0,42.63,39.69,51.65,64.92,92.03,91.42,160.08,81.82,94.34,105.6,120.24,187.58,262.94,0,18
1,0,0,0,0,0,0,0,0,0,0,0,0,0,0,0,0,0,0,0,0,0,0,0,0,0,0,0,18.39,24.46,11.96,26.09,40.16,51.89,45.36,26.91,31.29,52.13,48.9,46.73,65.93,43.01,81.44,79.9,87.84,107.67,114.33,274.8,210.92,263.6,202.01,274.59,274.17,194.7,289.87,263.57,203.43,322.23,170.51,163.07,200.89,344.94,351.9,212.84,0,0,0,0,0,0,0,0,0,0,0,0,0,0,0,0,0,0,0,0,0,0,71.84,52.48,54.08,44.3,28.08,67.69,141.57,64.64,64.03,81.61,87.53,134.3,98.88,210.34,105.75,121.25,106.54,195.44,0,0,0,0,0,0,34.73,48.13,59.09,85.34,85.2,110.01,77.1,89.62,101.98,112.85,182.15,255.1,0,19
1,0,0,0,0,0,0,0,0,0,0,0,0,0,0,0,0,0,0,0,0,0,0,0,0,0,0,0,0,0,0,21.79,24.22,40.98,38.07,24.8,28.95,48.56,45.33,43.89,62,40.9,75.67,76.97,84.93,103.73,111.66,255.71,204.11,260.34,198.29,268,273.04,190.52,284.93,259.34,195.83,316.65,168.15,159.72,195.64,311.36,343.81,208.39,0,0,0,0,0,0,0,0,0,0,0,0,0,0,0,0,0,0,0,0,0,0,57.58,45.28,47.64,39.95,25.75,62.95,135.37,60.79,60.77,76.93,82.8,128.43,94.44,208.02,100.68,117.91,103.57,191.02,0,0,0,0,0,0,28.05,44.53,52.88,77.62,79.14,104.94,72.53,84.71,98.42,105.12,177.71,245.66,0,20
1,0,0,0,0,0,0,0,0,0,0,0,0,0,0,0,0,0,0,0,0,0,0,0,0,0,0,0,0,0,0,0,0,31.53,32.15,22.73,26,45.07,42.15,39.43,57.56,38.82,67.8,74.32,80.18,99.97,109.43,240.48,197.18,256.99,194.59,257.89,271.85,186.45,280.72,255.48,185.31,310.9,165.94,156.26,190.19,300.13,332.11,203.55,0,0,0,0,0,0,0,0,0,0,0,0,0,0,0,0,0,0,0,0,0,0,33,34.71,41.25,35.92,23.78,58.55,126.91,57.1,57.53,71.94,78.53,120.18,89.82,205.35,95.84,114.47,100.55,186.96,0,0,0,0,0,0,19.33,40.5,46.89,69.11,72.99,98.55,68.05,79.45,94.86,97.39,173.75,236.02,0,21
1,0,0,0,0,0,0,0,0,0,0,0,0,0,0,0,0,0,0,0,0,0,0,0,0,0,0,0,0,0,0,0,0,22.58,25.63,20.5,22.96,40.16,38.79,32.7,53.34,36.86,62.87,71.59,75.51,96.33,107.48,221.81,189.87,251.61,190.73,246.27,270.68,182.39,277.72,251.89,177.94,305.83,163.68,152.12,184.79,272.07,314.47,198.39,0,0,0,0,0,0,0,0,0,0,0,0,0,0,0,0,0,0,0,0,0,0,0,0,32.51,31.75,21.78,54.27,93.04,53.61,54.43,66.84,73.9,112.93,84.98,202.29,91.14,110.6,97.49,183.06,0,0,0,0,0,0,0,35.33,41.19,60.76,66.5,91.91,63.46,73.91,91,90.28,169.89,227.89,0,22
1,0,0,0,0,0,0,0,0,0,0,0,0,0,0,0,0,0,0,0,0,0,0,0,0,0,0,0,0,0,0,0,0,0,16.99,18.46,20.69,34.12,35.36,26.57,49.2,34.96,58.5,68.87,72.67,93.03,105.63,197.16,181.27,243.21,186.19,235.19,269.33,177.91,274.6,248.53,173.37,301.03,161.19,147.26,178.63,241.11,304.15,193.46,0,0,0,0,0,0,0,0,0,0,0,0,0,0,0,0,0,0,0,0,0,0,0,0,0,26.93,19.76,49.88,64.24,50.22,51.45,62.74,68.67,98.25,80.22,198.64,86.55,106.58,94.29,179.23,0,0,0,0,0,0,0,24.68,35.19,53.27,58.4,86.25,58.7,68.27,86.56,84.04,165.95,220.15,0,23
1,0,0,0,0,0,0,0,0,0,0,0,0,0,0,0,0,0,0,0,0,0,0,0,0,0,0,0,0,0,0,0,0,0,10.08,16.57,18.65,22.17,31.96,23.39,44.98,32.83,54.37,66.6,69.54,89.35,103.53,186.53,173.05,234.17,180.74,223.06,267.02,172.73,268.54,245.42,169.71,296.46,158.08,143.58,171.37,229.5,289.21,188.38,0,0,0,0,0,0,0,0,0,0,0,0,0,0,0,0,0,0,0,0,0,0,0,0,0,19.81,17.54,45.22,58.88,46.91,48.46,59.26,63.26,47.99,75.76,194.6,82.14,102.5,90.99,175.28,0,0,0,0,0,0,0,0,27,46.86,45.13,80.6,54.02,62.33,79.74,78.43,161.25,197.79,0,24
1,0,0,0,0,0,0,0,0,0,0,0,0,0,0,0,0,0,0,0,0,0,0,0,0,0,0,0,0,0,0,0,0,0,5.5,14.42,16.38,17.15,28.55,21.36,40.71,30.64,49.85,64.64,66.88,85.52,101.41,178.6,164.8,225.82,174.21,211.87,264.24,161.28,262.64,219.64,165.95,292.36,154.3,139.97,165.16,220.04,276.09,176.07,0,0,0,0,0,0,0,0,0,0,0,0,0,0,0,0,0,0,0,0,0,0,0,0,0,0,14.9,39.96,53.9,43.72,45.4,56.42,58.03,44.79,71.61,188.88,78.05,98.5,87.57,171.07,0,0,0,0,0,0,0,0,0,38.9,37.72,73.1,49.42,56.07,68.67,72.79,155.56,171.96,0,25
1,0,0,0,0,0,0,0,0,0,0,0,0,0,0,0,0,0,0,0,0,0,0,0,0,0,0,0,0,0,0,0,0,0,0,11.89,14,12.31,24.98,19.45,35.25,28.47,43.85,62.56,64.97,81.69,99.15,170.95,156.96,217.95,168.37,203.73,260.57,146.28,257.26,212.6,160.02,288.62,150.33,136.31,159.42,212.37,254.95,162.14,0,0,0,0,0,0,0,0,0,0,0,0,0,0,0,0,0,0,0,0,0,0,0,0,0,0,11.1,32.29,49.34,40.33,42.16,54.12,53.19,41.67,67.64,164.73,73.96,94.05,84.05,163.96,0,0,0,0,0,0,0,0,0,0,31.79,61.45,44.97,49.77,61.05,67.3,144.91,159.95,0,26
1,0,0,0,0,0,0,0,0,0,0,0,0,0,0,0,0,0,0,0,0,0,0,0,0,0,0,0,0,0,0,0,0,0,0,0,0,11.51,21.65,17.54,26.78,26.32,39.06,60.36,63.06,77.98,96.16,163.47,147.56,209.57,164.06,196.38,257.61,139.27,252.29,206.59,154.68,284.61,146.33,132.32,153.3,205.75,229.4,149.68,0,0,0,0,0,0,0,0,0,0,0,0,0,0,0,0,0,0,0,0,0,0,0,0,0,0,0,0,42.64,36.48,38.73,52.09,48.83,38.63,63.92,124.82,69.81,89.21,80.48,143.37,0,0,0,0,0,0,0,0,0,0,25.12,51.49,40.76,44.2,56.51,62.14,131.64,150.44,0,27
1,0,0,0,0,0,0,0,0,0,0,0,0,0,0,0,0,0,0,0,0,0,0,0,0,0,0,0,0,0,0,0,0,0,0,0,0,8.93,18.42,15.57,20.13,24.1,35.33,58.01,61.04,74.34,91.79,156.1,127.89,201.52,160.13,188.95,255.17,133.24,247.28,200.25,150.87,280.34,142.22,128.22,146.19,199.64,221.72,138.86,0,0,0,0,0,0,0,0,0,0,0,0,0,0,0,0,0,0,0,0,0,0,0,0,0,0,0,0,0,30.36,34.2,50.01,44.7,35.61,60.59,103.47,65.77,83.75,76.87,118.24,0,0,0,0,0,0,0,0,0,0,0,42.44,36.64,39.83,52.92,57.2,111.94,142.99,0,28
1,0,0,0,0,0,0,0,0,0,0,0,0,0,0,0,0,0,0,0,0,0,0,0,0,0,0,0,0,0,0,0,0,0,0,0,0,5.26,14.65,13.23,14.93,21.8,31.65,55.31,58.83,70.58,87.33,148.76,98.23,194.5,156.37,181.04,253.2,127.54,242.51,193.93,147.5,275.24,137.98,123.4,138.93,193.76,213.74,130.2,0,0,0,0,0,0,0,0,0,0,0,0,0,0,0,0,0,0,0,0,0,0,0,0,0,0,0,0,0,0,27.35,45.65,40.41,32.44,57.35,98.45,61.86,78.23,73.08,100.07,0,0,0,0,0,0,0,0,0,0,0,32.13,32.44,35.8,49.67,52.13,96.12,124.93,0,29
1,0,0,0,0,0,0,0,0,0,0,0,0,0,0,0,0,0,0,0,0,0,0,0,0,0,0,0,0,0,0,0,0,0,0,0,0,0,9.15,10.02,9.29,19.44,27.55,52.1,56.54,66.07,82.61,141.43,73.91,187.55,152.7,171.99,251.66,121.49,237.58,180.17,144.33,268.95,133.66,118.18,132.04,187.93,206.48,121.56,0,0,0,0,0,0,0,0,0,0,0,0,0,0,0,0,0,0,0,0,0,0,0,0,0,0,0,0,0,0,0,33.98,35.84,29.09,54.07,92.62,58.27,72.69,69.13,79.57,0,0,0,0,0,0,0,0,0,0,0,0,27.81,31.89,46.25,47.55,87.92,105.48,0,30
1,0,0,0,0,0,0,0,0,0,0,0,0,0,0,0,0,0,0,0,0,0,0,0,0,0,0,0,0,0,0,0,0,0,0,0,0,0,0,0,0,16.99,22.88,48.51,54.28,60.95,77.73,134.35,54.36,179.5,148.68,163.57,250.25,115.66,232.44,167.49,141.2,233.94,129.36,113.2,125.32,182.06,196.33,113.43,0,0,0,0,0,0,0,0,0,0,0,0,0,0,0,0,0,0,0,0,0,0,0,0,0,0,0,0,0,0,0,0,29.04,25.48,50.09,84.63,54.75,67.05,64.87,70.32,0,0,0,0,0,0,0,0,0,0,0,0,19.97,27.06,41.5,43.05,77.97,93.13,0,31
1,0,0,0,0,0,0,0,0,0,0,0,0,0,0,0,0,0,0,0,0,0,0,0,0,0,0,0,0,0,0,0,0,0,0,0,0,0,0,0,0,14.1,17.74,44.49,51.99,51.19,71.87,126.81,41.5,170,143.81,154.93,248.84,110.39,226.13,161.48,138.07,186.01,125.16,108.23,118.84,176.27,181.72,109.92,0,0,0,0,0,0,0,0,0,0,0,0,0,0,0,0,0,0,0,0,0,0,0,0,0,0,0,0,0,0,0,0,0,20.92,43.81,73.28,51.09,61.1,60.17,64.88,0,0,0,0,0,0,0,0,0,0,0,0,0,0,33.57,38.33,66.36,77.17,0,32
1,0,0,0,0,0,0,0,0,0,0,0,0,0,0,0,0,0,0,0,0,0,0,0,0,0,0,0,0,0,0,0,0,0,0,0,0,0,0,0,0,10.21,9.02,38.43,49.59,43.42,64.74,118.5,36.91,161.17,138.63,145.59,247.65,105.35,183.29,156.92,135.05,180.31,120.9,103.25,112.72,170.47,169.66,106.86,0,0,0,0,0,0,0,0,0,0,0,0,0,0,0,0,0,0,0,0,0,0,0,0,0,0,0,0,0,0,0,0,0,0,27.15,57.6,47.42,55.18,55.23,60.25,0,0,0,0,0,0,0,0,0,0,0,0,0,0,0,32.67,49.05,64.07,0,33
1,0,0,0,0,0,0,0,0,0,0,0,0,0,0,0,0,0,0,0,0,0,0,0,0,0,0,0,0,0,0,0,0,0,0,0,0,0,0,0,0,0,0,29.91,46.84,37.4,57.19,108.53,33.2,154.18,133.77,135.23,246.53,100.46,176.28,152.32,132.25,174.93,116.64,97.88,107.37,164.55,161.11,104.1,0,0,0,0,0,0,0,0,0,0,0,0,0,0,0,0,0,0,0,0,0,0,0,0,0,0,0,0,0,0,0,0,0,0,0,39.49,43.56,49.4,49.87,56.1,0,0,0,0,0,0,0,0,0,0,0,0,0,0,0,22.38,35.46,54.6,0,34
1,0,0,0,0,0,0,0,0,0,0,0,0,0,0,0,0,0,0,0,0,0,0,0,0,0,0,0,0,0,0,0,0,0,0,0,0,0,0,0,0,0,0,22.05,42.09,31.8,51.67,95.8,26.05,147.91,128.77,122.78,245.43,95.7,170.76,147.81,129.49,169.54,112.75,92.14,101.69,158.55,152.15,101.38,0,0,0,0,0,0,0,0,0,0,0,0,0,0,0,0,0,0,0,0,0,0,0,0,0,0,0,0,0,0,0,0,0,0,0,0,38.23,42.77,43.37,52.26,0,0,0,0,0,0,0,0,0,0,0,0,0,0,0,0,27.08,46.92,0,35
1,0,0,0,0,0,0,0,0,0,0,0,0,0,0,0,0,0,0,0,0,0,0,0,0,0,0,0,0,0,0,0,0,0,0,0,0,0,0,0,0,0,0,15.66,36.27,27.46,47.44,71.27,26.05,141.4,121.98,112.94,244.35,89.9,165.47,143.36,126.64,163.74,109.01,86.75,93,152.83,144.15,98.68,0,0,0,0,0,0,0,0,0,0,0,0,0,0,0,0,0,0,0,0,0,0,0,0,0,0,0,0,0,0,0,0,0,0,0,0,28.04,35.04,37.12,48.52,0,0,0,0,0,0,0,0,0,0,0,0,0,0,0,0,0,39.05,0,36
1,0,0,0,0,0,0,0,0,0,0,0,0,0,0,0,0,0,0,0,0,0,0,0,0,0,0,0,0,0,0,0,0,0,0,0,0,0,0,0,0,0,0,9.1,31.35,23.74,43.24,30.96,26.05,133.13,100,106.89,243.19,82.59,158.16,138.77,123.69,157.71,105.09,82.61,87.4,147.34,139.31,95.88,0,0,0,0,0,0,0,0,0,0,0,0,0,0,0,0,0,0,0,0,0,0,0,0,0,0,0,0,0,0,0,0,0,0,0,0,0,23.05,30.56,44.42,0,0,0,0,0,0,0,0,0,0,0,0,0,0,0,0,0,29.19,0,37
1,0,0,0,0,0,0,0,0,0,0,0,0,0,0,0,0,0,0,0,0,0,0,0,0,0,0,0,0,0,0,0,0,0,0,0,0,0,0,0,0,0,0,0,26.18,20.56,38.93,30.96,26.05,91.16,59.77,101.55,241.75,75.33,146.15,133.74,120.62,151.6,101.08,78.93,81.91,142.02,135.4,93.01,0,0,0,0,0,0,0,0,0,0,0,0,0,0,0,0,0,0,0,0,0,0,0,0,0,0,0,0,0,0,0,0,0,0,0,0,0,0,0,39.41,0,0,0,0,0,0,0,0,0,0,0,0,0,0,0,0,0,0,0,38
1,0,0,0,0,0,0,0,0,0,0,0,0,0,0,0,0,0,0,0,0,0,0,0,0,0,0,0,0,0,0,0,0,0,0,0,0,0,0,0,0,0,0,0,19.27,17.44,34.26,30.96,26.05,44.04,51.09,95.92,240.22,68.5,128.81,128.2,117.42,145.71,97.14,75.71,76.75,135.72,132,89.82,0,0,0,0,0,0,0,0,0,0,0,0,0,0,0,0,0,0,0,0,0,0,0,0,0,0,0,0,0,0,0,0,0,0,0,0,0,0,0,30.44,0,0,0,0,0,0,0,0,0,0,0,0,0,0,0,0,0,0,0,39
1,0,0,0,0,0,0,0,0,0,0,0,0,0,0,0,0,0,0,0,0,0,0,0,0,0,0,0,0,0,0,0,0,0,0,0,0,0,0,0,0,0,0,0,0,12.45,29.71,30.96,26.05,38.69,42,89.96,238.66,63.33,117.68,122.17,113.62,139.62,93.49,72.49,72.73,126.63,128.58,86.24,0,0,0,0,0,0,0,0,0,0,0,0,0,0,0,0,0,0,0,0,0,0,0,0,0,0,0,0,0,0,0,0,0,0,0,0,0,0,0,0,0,0,0,0,0,0,0,0,0,0,0,0,0,0,0,0,0,0,0,40
1,0,0,0,0,0,0,0,0,0,0,0,0,0,0,0,0,0,0,0,0,0,0,0,0,0,0,0,0,0,0,0,0,0,0,0,0,0,0,0,0,0,0,0,0,0,24.83,30.96,26.05,33.15,34.53,82.29,236.43,59.46,101.43,112.35,109.38,132.87,89.92,69.33,68.62,117.75,124.62,81.92,0,0,0,0,0,0,0,0,0,0,0,0,0,0,0,0,0,0,0,0,0,0,0,0,0,0,0,0,0,0,0,0,0,0,0,0,0,0,0,0,0,0,0,0,0,0,0,0,0,0,0,0,0,0,0,0,0,0,0,41
1,0,0,0,0,0,0,0,0,0,0,0,0,0,0,0,0,0,0,0,0,0,0,0,0,0,0,0,0,0,0,0,0,0,0,0,0,0,0,0,0,0,0,0,0,0,17.75,30.96,26.05,25.8,28.18,74.56,233.85,53.02,90.19,106.06,104.53,126.05,86.07,66.22,64.09,112.53,119.71,77.2,0,0,0,0,0,0,0,0,0,0,0,0,0,0,0,0,0,0,0,0,0,0,0,0,0,0,0,0,0,0,0,0,0,0,0,0,0,0,0,0,0,0,0,0,0,0,0,0,0,0,0,0,0,0,0,0,0,0,0,42
1,0,0,0,0,0,0,0,0,0,0,0,0,0,0,0,0,0,0,0,0,0,0,0,0,0,0,0,0,0,0,0,0,0,0,0,0,0,0,0,0,0,0,0,0,0,0,0,0,0,20.44,58.14,86.06,42.2,77.99,101.21,99.1,119.37,81.57,63.08,58.68,108.44,113.71,71.71,0,0,0,0,0,0,0,0,0,0,0,0,0,0,0,0,0,0,0,0,0,0,0,0,0,0,0,0,0,0,0,0,0,0,0,0,0,0,0,0,0,0,0,0,0,0,0,0,0,0,0,0,0,0,0,0,0,0,0,43
1,0,0,0,0,0,0,0,0,0,0,0,0,0,0,0,0,0,0,0,0,0,0,0,0,0,0,0,0,0,0,0,0,0,0,0,0,0,0,0,0,0,0,0,0,0,0,0,0,0,0,41.61,29.77,31.24,66.2,96.56,93.53,112.76,76.52,59.51,53.31,104.24,107.65,63.94,0,0,0,0,0,0,0,0,0,0,0,0,0,0,0,0,0,0,0,0,0,0,0,0,0,0,0,0,0,0,0,0,0,0,0,0,0,0,0,0,0,0,0,0,0,0,0,0,0,0,0,0,0,0,0,0,0,0,0,44
1,0,0,0,0,0,0,0,0,0,0,0,0,0,0,0,0,0,0,0,0,0,0,0,0,0,0,0,0,0,0,0,0,0,0,0,0,0,0,0,0,0,0,0,0,0,0,0,0,0,0,0,0,23.66,59.6,91.38,87.27,105.94,71.02,54.88,48.65,98.89,101.24,57.06,0,0,0,0,0,0,0,0,0,0,0,0,0,0,0,0,0,0,0,0,0,0,0,0,0,0,0,0,0,0,0,0,0,0,0,0,0,0,0,0,0,0,0,0,0,0,0,0,0,0,0,0,0,0,0,0,0,0,0,45
1,0,0,0,0,0,0,0,0,0,0,0,0,0,0,0,0,0,0,0,0,0,0,0,0,0,0,0,0,0,0,0,0,0,0,0,0,0,0,0,0,0,0,0,0,0,0,0,0,0,0,0,0,19.1,52.7,84.13,47.5,89.26,64.35,48.49,44.34,88.92,92.11,52.62,0,0,0,0,0,0,0,0,0,0,0,0,0,0,0,0,0,0,0,0,0,0,0,0,0,0,0,0,0,0,0,0,0,0,0,0,0,0,0,0,0,0,0,0,0,0,0,0,0,0,0,0,0,0,0,0,0,0,0,46
1,0,0,0,0,0,0,0,0,0,0,0,0,0,0,0,0,0,0,0,0,0,0,0,0,0,0,0,0,0,0,0,0,0,0,0,0,0,0,0,0,0,0,0,0,0,0,0,0,0,0,0,0,0,0,0,26.71,58.17,55.21,41.1,39.89,69.54,69.75,48.39,0,0,0,0,0,0,0,0,0,0,0,0,0,0,0,0,0,0,0,0,0,0,0,0,0,0,0,0,0,0,0,0,0,0,0,0,0,0,0,0,0,0,0,0,0,0,0,0,0,0,0,0,0,0,0,0,0,0,0,47
1,0,0,0,0,0,0,0,0,0,0,0,0,0,0,0,0,0,0,0,0,0,0,0,0,0,0,0,0,0,0,0,0,0,0,0,0,0,0,0,0,0,0,0,0,0,0,0,0,0,0,0,0,0,0,0,0,0,44.2,34.12,35.7,50.97,39.5,44.05,0,0,0,0,0,0,0,0,0,0,0,0,0,0,0,0,0,0,0,0,0,0,0,0,0,0,0,0,0,0,0,0,0,0,0,0,0,0,0,0,0,0,0,0,0,0,0,0,0,0,0,0,0,0,0,0,0,0,0,48
1,0,0,0,0,0,0,0,0,0,0,0,0,0,0,0,0,0,0,0,0,0,0,0,0,0,0,0,0,0,0,0,0,0,0,0,0,0,0,0,0,0,0,0,0,0,0,0,0,0,0,0,0,0,0,0,0,0,34.47,26.97,31.91,35.13,33.08,39.64,0,0,0,0,0,0,0,0,0,0,0,0,0,0,0,0,0,0,0,0,0,0,0,0,0,0,0,0,0,0,0,0,0,0,0,0,0,0,0,0,0,0,0,0,0,0,0,0,0,0,0,0,0,0,0,0,0,0,0,49
1,0,0,0,0,0,0,0,0,0,0,0,0,0,0,0,0,0,0,0,0,0,0,0,0,0,0,0,0,0,0,0,0,0,0,0,0,0,0,0,0,0,0,0,0,0,0,0,0,0,0,0,0,0,0,0,0,0,0,0,28.09,28.09,25.97,35.25,0,0,0,0,0,0,0,0,0,0,0,0,0,0,0,0,0,0,0,0,0,0,0,0,0,0,0,0,0,0,0,0,0,0,0,0,0,0,0,0,0,0,0,0,0,0,0,0,0,0,0,0,0,0,0,0,0,0,0,50
1,0,0,0,0,0,0,0,0,0,0,0,0,0,0,0,0,0,0,0,0,0,0,0,0,0,0,0,0,0,0,0,0,0,0,0,0,0,0,0,0,0,0,0,0,0,0,0,0,0,0,0,0,0,0,0,0,0,0,0,24.08,24.08,24.08,30.72,0,0,0,0,0,0,0,0,0,0,0,0,0,0,0,0,0,0,0,0,0,0,0,0,0,0,0,0,0,0,0,0,0,0,0,0,0,0,0,0,0,0,0,0,0,0,0,0,0,0,0,0,0,0,0,0,0,0,0,51
1,0,0,0,0,0,0,0,0,0,0,0,0,0,0,0,0,0,0,0,0,0,0,0,0,0,0,0,0,0,0,0,0,0,0,0,0,0,0,0,0,0,0,0,0,0,0,0,0,0,0,0,0,0,0,0,0,0,0,0,19.84,19.84,19.84,21.4,0,0,0,0,0,0,0,0,0,0,0,0,0,0,0,0,0,0,0,0,0,0,0,0,0,0,0,0,0,0,0,0,0,0,0,0,0,0,0,0,0,0,0,0,0,0,0,0,0,0,0,0,0,0,0,0,0,0,0,52
1,0,0,0,0,0,0,0,0,0,0,0,0,0,0,0,0,0,0,0,0,0,0,0,0,0,0,0,0,0,0,0,0,0,0,0,0,0,0,0,0,0,0,0,0,0,0,0,0,0,0,0,0,0,0,0,0,0,0,0,15.59,15.59,15.59,15.59,0,0,0,0,0,0,0,0,0,0,0,0,0,0,0,0,0,0,0,0,0,0,0,0,0,0,0,0,0,0,0,0,0,0,0,0,0,0,0,0,0,0,0,0,0,0,0,0,0,0,0,0,0,0,0,0,0,0,0,53
1,0,0,0,0,0,0,0,0,0,0,0,0,0,0,0,0,0,0,0,0,0,0,0,0,0,0,0,0,0,0,0,0,0,0,0,0,0,0,0,0,0,0,0,0,0,0,0,0,0,0,0,0,0,0,0,0,0,0,0,11.52,11.52,11.52,11.52,0,0,0,0,0,0,0,0,0,0,0,0,0,0,0,0,0,0,0,0,0,0,0,0,0,0,0,0,0,0,0,0,0,0,0,0,0,0,0,0,0,0,0,0,0,0,0,0,0,0,0,0,0,0,0,0,0,0,0,54
1,0,0,0,0,0,0,0,0,0,0,0,0,0,0,0,0,0,0,0,0,0,0,0,0,0,0,0,0,0,0,0,0,0,0,0,0,0,0,0,0,0,0,0,0,0,0,0,0,0,0,0,0,0,0,0,0,0,0,0,8.2,8.2,8.2,8.2,0,0,0,0,0,0,0,0,0,0,0,0,0,0,0,0,0,0,0,0,0,0,0,0,0,0,0,0,0,0,0,0,0,0,0,0,0,0,0,0,0,0,0,0,0,0,0,0,0,0,0,0,0,0,0,0,0,0,0,55
1,0,0,0,0,0,0,0,0,0,0,0,0,0,0,0,0,0,0,0,0,0,0,0,0,0,0,0,0,0,0,0,0,0,0,0,0,0,0,0,0,0,0,0,0,0,0,0,0,0,0,0,0,0,0,0,0,0,0,0,0,0,0,0,0,0,0,0,0,0,0,0,0,0,0,0,0,0,0,0,0,0,0,0,0,0,0,0,0,0,0,0,0,0,0,0,0,0,0,0,0,0,0,0,0,0,0,0,0,0,0,0,0,0,0,0,0,0,0,0,0,0,0,56
